epoch,step,train_loss_step
0,9,4.181930307822768e-06
0,19,8.158305035976809e-07
0,29,1.2904025652460405e-06
0,39,1.718604949019209e-06
0,49,8.0868665008893e-07
